"c:\cadviewer-testapp-dotnet-core-01\cadviewer\cadviewer\wwwroot\\content\drawings\dwg\Asbestos_drawing_01.dwg",Conversion to SVG,1.041,9272 Kb
"c:\cadviewer-testapp-dotnet-core-01\cadviewer\cadviewer\wwwroot\\content\drawings\dwg\Asbestos_drawing_01.dwg",Conversion to SVG,0.791,9020 Kb
"c:\cadviewer-testapp-dotnet-core-01\cadviewer\cadviewer\wwwroot\\content\drawings\dwg\Asbestos_drawing_01.dwg",Conversion to SVG,1.313,9600 Kb
"c:\cadviewer-testapp-dotnet-core-01\cadviewer\cadviewer\wwwroot\\content\drawings\dwg\Asbestos_drawing_01.dwg",Conversion to SVG,0.709,9288 Kb
"c:\cadviewer-testapp-dotnet-core-01\cadviewer\cadviewer\wwwroot\\content\drawings\dwg\Asbestos_drawing_01.dwg",Conversion to SVG,0.391,8444 Kb
"c:\cadviewer-testapp-dotnet-core-01\cadviewer\cadviewer\wwwroot\\content\drawings\dwg\Asbestos_drawing_01.dwg",Conversion to SVG,0.388,9404 Kb
"c:\cadviewer-testapp-dotnet-core-01\cadviewer\cadviewer\wwwroot\content\drawings\dwg\LI_1077929_04.svg",Conversion to SVG,0.023,4136 Kb
"c:\cadviewer-testapp-dotnet-core-01\cadviewer\cadviewer\wwwroot\\content\drawings\dwg\Asbestos_drawing_01.dwg",Conversion to SVG,1.447,8524 Kb
"c:\cadviewer-testapp-dotnet-core-01\cadviewer\cadviewer\wwwroot\\content\drawings\dwg\Asbestos_drawing_01.dwg",Conversion to SVG,1.658,8944 Kb
"c:\cadviewer-testapp-dotnet-core-01\cadviewer\cadviewer\wwwroot\\content\drawings\dwg\Asbestos_drawing_01.dwg",Conversion to SVG,1.075,9648 Kb
"c:\cadviewer-testapp-dotnet-core-01\cadviewer\cadviewer\wwwroot\\content\drawings\dwg\Asbestos_drawing_01.dwg",Conversion to SVG,0.401,10076 Kb
"c:\cadviewer-testapp-dotnet-core-01\cadviewer\cadviewer\wwwroot\content\drawings\dwg\LI_1077929_04.svg",Conversion to SVG,0.019,4128 Kb
"c:\cadviewer-testapp-dotnet-core-01\cadviewer\cadviewer\wwwroot\\content\drawings\dwg\Asbestos_drawing_01.dwg",Conversion to SVG,0.777,9824 Kb
"c:\cadviewer-testapp-dotnet-core-01\cadviewer\cadviewer\wwwroot\\content\drawings\dwg\Asbestos_drawing_01.dwg",Conversion to SVG,0.749,8904 Kb
"c:\cadviewer-testapp-dotnet-core-01\cadviewer\cadviewer\wwwroot\content\drawings\dwg\LI_1077929_04.svg",Conversion to SVG,0.02,4228 Kb
"c:\cadviewer-testapp-dotnet-core-01\cadviewer\cadviewer\wwwroot\\content\drawings\dwg\Asbestos_drawing_01.dwg",Conversion to SVG,0.4,9352 Kb
"c:\cadviewer-testapp-dotnet-core-01\cadviewer\cadviewer\wwwroot\content\drawings\dwg\PWR07_2.OG.dwg",Conversion to SVG,0.993,12332 Kb
"c:\cadviewer-testapp-dotnet-core-01\cadviewer\cadviewer\wwwroot\content\drawings\dwg\Hospital 1.dwg",Conversion to SVG,0.498,9280 Kb
"c:\cadviewer-testapp-dotnet-core-01\cadviewer\cadviewer\wwwroot\\content\drawings\dwg\Asbestos_drawing_01.dwg",Conversion to SVG,0.482,9368 Kb
"c:\cadviewer-testapp-dotnet-core-01\cadviewer\cadviewer\wwwroot\content\drawings\dwg\City_base_map.dwg",Conversion to SVG,0.229,7720 Kb
"c:\cadviewer-testapp-dotnet-core-01\cadviewer\cadviewer\wwwroot\\content\drawings\dwg\Asbestos_drawing_01.dwg",Conversion to SVG,0.465,9068 Kb
"c:\cadviewer-testapp-dotnet-core-01\cadviewer\cadviewer\wwwroot\\content\drawings\dwg\Asbestos_drawing_01.dwg",Conversion to SVG,0.474,8820 Kb
"c:\cadviewer-testapp-dotnet-core-01\cadviewer\cadviewer\wwwroot\\content\drawings\dwg\Asbestos_drawing_01.dwg",Conversion to SVG,0.902,9388 Kb
"c:\cadviewer-testapp-dotnet-core-01\cadviewer\cadviewer\wwwroot\\content\drawings\dwg\Asbestos_drawing_01.dwg",Conversion to SVG,1.526,8772 Kb
"c:\cadviewer-testapp-dotnet-core-01\cadviewer\cadviewer\wwwroot\\content\drawings\dwg\Asbestos_drawing_01.dwg",Conversion to SVG,1.629,9288 Kb
"c:\cadviewer-testapp-dotnet-core-01\cadviewer\cadviewer\wwwroot\\content\drawings\dwg\Asbestos_drawing_01.dwg",Conversion to SVG,0.693,9232 Kb
"c:\cadviewer-testapp-dotnet-core-01\cadviewer\cadviewer\wwwroot\\content\drawings\dwg\Asbestos_drawing_01.dwg",Conversion to SVG,0.387,8700 Kb
"c:\cadviewer-testapp-dotnet-core-01\cadviewer\cadviewer\wwwroot\\content\drawings\dwg\Asbestos_drawing_01.dwg",Conversion to SVG,0.362,9476 Kb
"c:\cadviewer-testapp-dotnet-core-01\cadviewer\cadviewer\wwwroot\content\drawings\dwg\hq17.dwg",Conversion to SVG,0.142,6732 Kb
"c:\cadviewer-testapp-dotnet-core-01\cadviewer\cadviewer\wwwroot\\content\drawings\dwg\Asbestos_drawing_01.dwg",Conversion to SVG,0.345,8888 Kb
"c:\cadviewer-testapp-dotnet-core-01\cadviewer\cadviewer\wwwroot\\content\drawings\dwg\Asbestos_drawing_01.dwg",Conversion to SVG,0.971,9240 Kb
"c:\cadviewer-testapp-dotnet-core-01\cadviewer\cadviewer\wwwroot\\content\drawings\dwg\Asbestos_drawing_01.dwg",Conversion to SVG,0.468,9168 Kb
"c:\cadviewer-testapp-dotnet-core-01\cadviewer\cadviewer\wwwroot\\content\drawings\dwg\Asbestos_drawing_01.dwg",Conversion to SVG,0.464,8824 Kb
"c:\cadviewer-testapp-dotnet-core-01\cadviewer\cadviewer\wwwroot\\content\drawings\dwg\Asbestos_drawing_01.dwg",Conversion to SVG,0.364,8588 Kb
"c:\cadviewer-testapp-dotnet-core-01\cadviewer\cadviewer\wwwroot\\content\drawings\dwg\Asbestos_drawing_01.dwg",Conversion to SVG,0.343,8396 Kb
"c:\cadviewer-testapp-dotnet-core-01\cadviewer\cadviewer\wwwroot\\content\drawings\dwg\Asbestos_drawing_01.dwg",Conversion to SVG,0.434,9036 Kb
"c:\cadviewer-testapp-dotnet-core-01\cadviewer\cadviewer\wwwroot\\content\drawings\dwg\Asbestos_drawing_01.dwg",Conversion to SVG,0.616,9192 Kb
"c:\cadviewer-testapp-dotnet-core-01\cadviewer\cadviewer\wwwroot\\content\drawings\dwg\Asbestos_drawing_01.dwg",Conversion to SVG,0.565,9492 Kb
"c:\cadviewer-testapp-dotnet-core-01\cadviewer\cadviewer\wwwroot\\content\drawings\dwg\Asbestos_drawing_01.dwg",Conversion to SVG,0.65,8600 Kb
"c:\cadviewer-testapp-dotnet-core-01\cadviewer\cadviewer\wwwroot\\content\drawings\dwg\Asbestos_drawing_01.dwg",Conversion to SVG,0.503,9320 Kb
"c:\cadviewer-testapp-dotnet-core-01\cadviewer\cadviewer\wwwroot\content\drawings\dwg\1st floor electrical.dwg",Conversion to SVG,0.4,11000 Kb
"c:\cadviewer-testapp-dotnet-core-01\cadviewer\cadviewer\wwwroot\content\drawings\dwg\1st floor plan.dwg",Conversion to SVG,0.204,10756 Kb
"c:\cadviewer-testapp-dotnet-core-01\cadviewer\cadviewer\wwwroot\content\drawings\dwg\1st floor electrical.dwg",Conversion to SVG,0.305,12080 Kb
"c:\cadviewer-testapp-dotnet-core-01\cadviewer\cadviewer\wwwroot\\content\drawings\dwg\Asbestos_drawing_01.dwg",Conversion to SVG,0.651,9180 Kb
"c:\cadviewer-testapp-dotnet-core-01\cadviewer\cadviewer\wwwroot\\content\drawings\dwg\Asbestos_drawing_01.dwg",Conversion to SVG,0.568,8776 Kb
"c:\cadviewer-testapp-dotnet-core-01\cadviewer\cadviewer\wwwroot\\content\drawings\dwg\Asbestos_drawing_01.dwg",Conversion to SVG,0.617,8860 Kb
"c:\cadviewer-testapp-dotnet-core-01\cadviewer\cadviewer\wwwroot\\content\drawings\dwg\Asbestos_drawing_01.dwg",Conversion to SVG,0.721,9020 Kb
